{
	"schemaVersion": 1,
	"id": "only-right-hand",
	"version": "${version}",
	"name": "Only Right Hand!!",
	"description": "Forces right mainhand to the players around you (Mod made for Xeriki)",
	"authors": [
		"TheNailpepino"
	],
	"contact": {
		"sources": "https://github.com/KingPepinoo/Only-Right-Hand"
	},
	"license": "CC0-1.0",
	"icon": "assets/only-right-hand/icon.png",
	"environment": "*",
	"entrypoints": {
		"main": [
			"pepino.orh.OnlyRightHand"
		]
	},
	"mixins": [
		"only-right-hand.mixins.json"
	],
	"depends": {
		"fabricloader": ">=0.16.4",
		"minecraft": "~1.20.4",
		"java": ">=17",
		"fabric-api": "*"
	},
	"suggests": {
		"another-mod": "*"
	}
}